Id,Louvain_Community,Bounded_Community
0,0,0
1,0,0
2,0,0
3,0,0
4,0,0
5,0,0
6,0,0
7,0,0
8,0,0
9,0,0
10,0,0
11,0,0
12,0,0
13,0,0
14,0,0
15,0,0
16,0,0
17,0,0
18,0,0
19,0,0
20,0,0
21,0,0
22,0,0
23,0,0
24,0,0
25,0,0
26,0,0
27,0,0
28,0,0
29,0,0
30,0,0
31,0,0
32,0,0
33,0,0
34,1,0
35,0,0
36,0,0
37,0,0
38,0,0
39,0,0
40,0,0
41,0,0
42,0,0
43,0,0
44,0,0
45,0,0
46,0,0
47,0,0
48,0,0
49,0,0
50,0,0
51,0,0
52,0,0
53,0,0
54,0,0
55,0,0
56,0,0
57,0,0
58,0,0
59,0,0
60,0,0
61,0,0
62,0,0
63,0,0
64,0,0
65,0,0
66,0,0
67,0,0
68,0,0
69,0,0
70,0,0
71,0,0
72,0,0
73,0,0
74,0,0
75,0,0
76,0,0
77,0,0
78,0,0
79,0,0
80,0,0
81,0,0
82,0,0
83,0,0
84,0,0
85,0,0
86,0,0
87,0,0
88,0,0
89,0,0
90,0,0
91,0,0
92,0,0
93,0,0
94,0,0
95,0,0
96,0,0
97,0,0
98,0,0
99,0,0
100,0,0
101,0,0
102,0,0
103,0,0
104,0,0
105,0,0
106,0,0
107,2,1
108,0,0
109,0,0
110,0,0
111,0,0
112,0,0
113,0,0
114,0,0
115,0,0
116,0,0
117,0,0
118,0,0
119,0,0
120,0,0
121,0,0
122,0,0
123,0,0
124,0,0
125,0,0
126,0,0
127,0,0
128,0,0
129,0,0
130,0,0
131,0,0
132,0,0
133,0,0
134,0,0
135,0,0
136,3,0
137,0,0
138,0,0
139,0,0
140,0,0
141,0,0
142,0,0
143,0,0
144,0,0
145,0,0
146,0,0
147,0,0
148,0,0
149,0,0
150,0,0
151,0,0
152,0,0
153,0,0
154,0,0
155,0,0
156,0,0
157,0,0
158,0,0
159,0,0
160,0,0
161,0,0
162,0,0
163,0,0
164,0,0
165,0,0
166,0,0
167,0,0
168,0,0
169,0,0
170,0,0
171,0,0
172,0,0
173,1,0
174,0,0
175,0,0
176,0,0
177,0,0
178,0,0
179,0,0
180,0,0
181,0,0
182,0,0
183,0,0
184,0,0
185,0,0
186,0,0
187,0,0
188,0,0
189,0,0
190,0,0
191,0,0
192,0,0
193,0,0
194,0,0
195,0,0
196,0,0
197,0,0
198,1,0
199,0,0
200,0,0
201,0,0
202,0,0
203,0,0
204,0,0
205,0,0
206,0,0
207,0,0
208,0,0
209,0,0
210,0,0
211,0,0
212,0,0
213,0,0
214,0,0
215,0,0
216,0,0
217,0,0
218,0,0
219,0,0
220,0,0
221,0,0
222,0,0
223,0,0
224,0,0
225,0,0
226,0,0
227,0,0
228,0,0
229,0,0
230,0,0
231,0,0
232,0,0
233,0,0
234,0,0
235,0,0
236,0,0
237,0,0
238,0,0
239,0,0
240,0,0
241,0,0
242,0,0
243,0,0
244,0,0
245,0,0
246,0,0
247,0,0
248,0,0
249,0,0
250,0,0
251,0,0
252,0,0
253,0,0
254,0,0
255,0,0
256,0,0
257,0,0
258,0,0
259,0,0
260,0,0
261,0,0
262,0,0
263,0,0
264,0,0
265,0,0
266,0,0
267,0,0
268,0,0
269,0,0
270,0,0
271,0,0
272,0,0
273,0,0
274,0,0
275,0,0
276,0,0
277,0,0
278,0,0
279,0,0
280,0,0
281,0,0
282,0,0
283,0,0
284,0,0
285,0,0
286,0,0
287,0,0
288,0,0
289,0,0
290,0,0
291,0,0
292,0,0
293,0,0
294,0,0
295,0,0
296,0,0
297,0,0
298,0,0
299,0,0
300,0,0
301,0,0
302,0,0
303,0,0
304,0,0
305,0,0
306,0,0
307,0,0
308,0,0
309,0,0
310,0,0
311,0,0
312,0,0
313,0,0
314,0,0
315,0,0
316,0,0
317,0,0
318,0,0
319,0,0
320,0,0
321,0,0
322,0,0
323,0,0
324,0,0
325,0,0
326,0,0
327,0,0
328,0,0
329,0,0
330,0,0
331,0,0
332,0,0
333,0,0
334,0,0
335,0,0
336,0,0
337,0,0
338,0,0
339,0,0
340,0,0
341,0,0
342,0,0
343,0,0
344,0,0
345,0,0
346,0,0
347,0,0
348,1,1
414,1,1
428,1,1
1684,4,2
1912,3,3
2814,0,0
2838,0,0
2885,0,0
3003,0,0
3173,4,2
3290,0,0
353,1,1
363,1,1
366,1,1
376,1,1
389,5,1
420,1,1
475,1,1
483,1,1
484,1,1
517,1,1
526,1,1
538,1,1
563,1,1
566,1,1
580,1,1
596,1,1
601,1,1
606,1,1
629,1,1
637,1,1
641,1,1
649,1,1
651,1,1
896,5,1
897,2,2
898,5,1
899,2,2
900,6,1
901,6,4
902,5,1
903,6,4
904,2,1
905,1,1
906,2,2
907,2,1
908,6,2
909,6,1
910,1,1
911,2,1
912,1,1
913,5,1
914,5,1
915,1,1
916,2,2
917,5,1
918,2,1
919,5,1
920,2,2
921,2,2
922,2,2
923,2,2
924,5,1
925,2,2
926,2,2
927,2,2
928,6,2
929,2,2
930,1,1
931,1,1
932,2,2
933,5,1
934,2,2
935,5,1
936,1,1
937,5,1
938,6,4
939,1,1
940,5,1
941,5,1
942,5,1
943,5,1
944,5,1
945,5,1
946,2,2
947,2,2
948,1,1
949,5,1
950,6,2
951,2,2
952,2,2
953,2,2
954,5,1
955,6,1
956,6,1
957,5,1
958,6,4
959,2,2
960,2,2
961,2,2
962,1,1
963,6,4
964,5,1
965,5,1
966,2,2
967,2,2
968,5,1
969,5,1
970,6,2
971,5,1
972,2,2
973,2,2
974,5,1
975,5,1
976,1,1
977,5,1
978,2,2
979,6,1
980,2,2
981,5,1
982,2,2
983,2,2
984,5,1
985,5,1
986,5,1
987,6,1
988,5,1
989,5,1
990,4,2
991,2,2
992,6,4
993,2,2
994,5,1
995,2,2
996,2,2
997,2,2
998,2,2
999,2,2
1000,5,1
1001,1,1
1002,2,1
1003,2,2
1004,2,2
1005,5,1
1006,2,2
1007,5,1
1008,2,2
1009,5,1
1010,5,1
1011,5,1
1012,1,1
1013,5,1
1014,5,1
1015,5,1
1016,6,1
1017,2,2
1018,5,1
1019,5,1
1020,5,1
1021,5,1
1022,2,1
1023,6,2
1024,2,2
1025,1,1
1026,2,2
1027,2,1
1028,2,2
1029,2,2
1030,6,1
1031,2,2
1032,5,1
1033,6,2
1034,2,2
1035,5,1
1036,5,1
1037,5,1
1038,2,2
1039,2,2
1040,2,2
1041,5,1
1042,5,1
1043,6,1
1044,5,1
1045,6,1
1046,2,1
1047,2,2
1048,2,2
1049,2,2
1050,2,2
1051,5,1
1052,5,1
1053,6,1
1054,2,2
1055,2,2
1056,2,2
1057,6,1
1058,2,2
1059,2,2
1060,5,1
1061,6,2
1062,5,1
1063,2,2
1064,1,1
1065,5,1
1066,5,1
1067,5,1
1068,2,2
1069,2,2
1070,5,1
1071,2,1
1072,5,1
1073,6,2
1074,2,2
1075,2,2
1076,2,2
1077,2,2
1078,2,2
1079,2,2
1080,1,1
1081,5,1
1082,5,1
1083,2,2
1084,2,2
1085,7,5
1086,2,2
1087,2,2
1088,6,2
1089,5,1
1090,5,1
1091,2,2
1092,2,2
1093,5,1
1094,1,1
1095,1,1
1096,2,1
1097,6,4
1098,6,2
1099,5,1
1100,5,1
1101,2,2
1102,5,1
1103,5,1
1104,5,1
1105,2,1
1106,5,1
1107,2,2
1108,5,1
1109,5,1
1110,2,2
1111,6,1
1112,2,2
1113,1,1
1114,1,1
1115,5,1
1116,2,2
1117,2,2
1118,6,4
1119,2,1
1120,5,1
1121,5,1
1122,1,1
1123,2,2
1124,2,2
1125,2,2
1126,2,2
1127,5,1
1128,2,2
1129,5,1
1130,2,2
1131,5,1
1132,2,2
1133,2,2
1134,5,1
1135,2,2
1136,6,2
1137,6,4
1138,6,1
1139,5,1
1140,4,2
1141,5,1
1142,1,1
1143,5,1
1144,6,2
1145,2,1
1146,2,2
1147,5,1
1148,5,1
1149,2,2
1150,2,2
1151,2,1
1152,5,1
1153,2,2
1154,1,1
1155,1,1
1156,2,2
1157,2,2
1158,5,1
1159,5,1
1160,2,2
1161,2,2
1162,1,1
1163,2,2
1164,2,2
1165,2,2
1166,5,1
1167,5,1
1168,5,1
1169,5,1
1170,5,1
1171,2,0
1172,2,2
1173,2,2
1174,6,2
1175,2,2
1176,5,1
1177,6,1
1178,2,2
1179,1,1
1180,2,2
1181,2,2
1182,2,2
1183,5,1
1184,2,2
1185,2,2
1186,6,4
1187,6,2
1188,5,1
1189,5,1
1190,5,1
1191,2,2
1192,5,1
1193,2,0
1194,2,1
1195,2,2
1196,2,2
1197,6,1
1198,2,2
1199,2,2
1200,2,1
1201,2,2
1202,2,1
1203,6,1
1204,5,1
1205,2,2
1206,2,1
1207,2,2
1208,2,1
1209,2,2
1210,1,1
1211,2,2
1212,1,1
1213,5,1
1214,2,2
1215,5,1
1216,6,4
1217,5,1
1218,6,1
1219,2,2
1220,2,2
1221,5,1
1222,2,2
1223,1,1
1224,2,1
1225,5,1
1226,5,1
1227,5,1
1228,5,1
1229,5,1
1230,2,2
1231,5,1
1232,6,4
1233,1,1
1234,1,1
1235,5,1
1236,5,1
1237,1,1
1238,2,2
1239,2,2
1240,6,1
1241,5,1
1242,2,2
1243,2,2
1244,5,1
1245,5,1
1246,5,1
1247,5,1
1248,5,1
1249,5,1
1250,2,2
1251,6,2
1252,6,1
1253,2,1
1254,6,1
1255,2,2
1256,2,2
1257,5,1
1258,5,1
1259,5,1
1260,5,1
1261,5,1
1262,2,1
1263,1,1
1264,5,1
1265,2,2
1266,2,2
1267,2,2
1268,5,1
1269,2,2
1270,2,1
1271,2,2
1272,2,2
1273,5,1
1274,6,2
1275,5,1
1276,2,1
1277,5,1
1278,2,2
1279,5,1
1280,2,2
1281,5,1
1282,5,1
1283,2,2
1284,5,1
1285,2,2
1286,5,1
1287,2,2
1288,2,2
1289,2,2
1290,2,2
1291,2,2
1292,5,1
1293,2,2
1294,1,1
1295,1,1
1296,5,1
1297,1,0
1298,5,1
1299,5,1
1300,1,1
1301,2,2
1302,2,2
1303,5,1
1304,5,1
1305,2,2
1306,5,1
1307,6,2
1308,5,1
1309,5,1
1310,5,1
1311,5,1
1312,2,2
1313,1,1
1314,6,4
1315,5,1
1316,5,1
1317,2,2
1318,1,1
1319,6,4
1320,1,1
1321,2,2
1322,5,1
1323,2,2
1324,5,1
1325,6,2
1326,2,1
1327,2,2
1328,6,2
1329,2,2
1330,2,2
1331,2,2
1332,1,1
1333,6,4
1334,2,1
1335,2,2
1336,2,2
1337,2,2
1338,5,1
1339,2,2
1340,2,2
1341,2,2
1342,1,1
1343,5,1
1344,2,2
1345,5,1
1346,2,2
1347,5,1
1348,5,1
1349,1,1
1350,5,1
1351,2,2
1352,2,2
1353,6,1
1354,5,1
1355,5,1
1356,1,1
1357,1,1
1358,1,1
1359,2,2
1360,6,2
1361,2,2
1362,5,1
1363,6,4
1364,5,1
1365,2,2
1366,5,1
1367,2,2
1368,6,1
1369,2,2
1370,2,2
1371,6,1
1372,1,1
1373,5,1
1374,1,1
1375,2,2
1376,2,2
1377,2,2
1378,6,4
1379,5,1
1380,2,2
1381,5,1
1382,5,1
1383,2,2
1384,6,1
1385,5,1
1386,2,1
1387,1,0
1388,2,2
1389,2,2
1390,2,2
1391,2,2
1392,5,1
1393,2,2
1394,6,1
1395,2,1
1396,5,1
1397,1,1
1398,2,2
1399,2,2
1400,1,1
1401,2,2
1402,2,2
1403,6,1
1404,5,1
1405,2,2
1406,5,1
1407,2,2
1408,1,1
1409,2,2
1410,6,2
1411,2,2
1412,5,1
1413,5,1
1414,5,1
1415,5,1
1416,2,2
1417,5,1
1418,5,1
1419,2,2
1420,2,2
1421,6,2
1422,1,1
1423,5,1
1424,6,4
1425,1,1
1426,5,1
1427,1,1
1428,5,1
1429,5,1
1430,1,1
1431,2,2
1432,5,1
1433,6,2
1434,2,2
1435,5,1
1436,5,1
1437,2,2
1438,5,1
1439,2,2
1440,2,2
1441,2,2
1442,2,2
1443,1,1
1444,5,1
1445,6,2
1446,1,1
1447,2,2
1448,5,1
1449,2,2
1450,4,2
1451,5,1
1452,6,4
1453,1,1
1454,5,1
1455,1,1
1456,2,2
1457,2,2
1458,2,2
1459,5,1
1460,2,2
1461,2,2
1462,5,1
1463,2,2
1464,1,1
1465,3,3
1466,2,1
1467,2,2
1468,6,4
1469,5,1
1470,2,2
1471,2,2
1472,5,1
1473,5,1
1474,5,1
1475,5,1
1476,2,2
1477,2,2
1478,1,1
1479,5,1
1480,2,2
1481,5,1
1482,5,1
1483,2,2
1484,2,2
1485,2,2
1486,1,0
1487,1,1
1488,2,2
1489,5,1
1490,1,1
1491,2,2
1492,5,1
1493,6,4
1494,6,2
1495,5,1
1496,5,1
1497,1,1
1498,2,2
1499,6,1
1500,5,1
1501,2,2
1502,5,1
1503,5,1
1504,5,1
1505,4,2
1506,1,1
1507,5,1
1508,5,1
1509,2,2
1510,5,1
1511,6,2
1512,1,1
1513,2,2
1514,1,1
1515,5,1
1516,2,2
1517,2,2
1518,2,2
1519,2,2
1520,2,2
1521,2,2
1522,2,2
1523,2,2
1524,2,2
1525,5,1
1526,1,1
1527,2,2
1528,2,2
1529,5,1
1530,2,2
1531,5,1
1532,2,2
1533,6,4
1534,4,2
1535,2,2
1536,5,1
1537,2,2
1538,2,2
1539,2,2
1540,2,1
1541,5,1
1542,2,2
1543,1,1
1544,2,2
1545,1,1
1546,6,1
1547,2,2
1548,6,4
1549,1,0
1550,5,1
1551,2,2
1552,2,2
1553,6,2
1554,2,2
1555,6,2
1556,2,2
1557,2,2
1558,2,1
1559,2,2
1560,2,1
1561,2,2
1562,6,1
1563,2,2
1564,2,2
1565,1,1
1566,1,1
1567,6,2
1568,6,4
1569,5,1
1570,2,2
1571,2,2
1572,2,2
1573,5,1
1574,1,1
1575,5,1
1576,5,1
1577,3,3
1578,5,1
1579,6,2
1580,2,2
1581,2,1
1582,5,1
1583,5,1
1584,2,2
1585,2,2
1586,2,1
1587,5,1
1588,6,2
1589,2,2
1590,2,2
1591,5,1
1592,5,1
1593,6,2
1594,2,2
1595,5,1
1596,5,1
1597,2,2
1598,2,2
1599,1,1
1600,2,2
1601,6,4
1602,1,1
1603,2,2
1604,2,2
1605,2,2
1606,1,1
1607,6,1
1608,2,2
1609,2,2
1610,2,2
1611,5,1
1612,2,2
1613,2,2
1614,2,2
1615,6,2
1616,1,1
1617,2,2
1618,2,2
1619,2,2
1620,2,2
1621,2,2
1622,2,2
1623,2,2
1624,5,1
1625,1,1
1626,2,2
1627,2,1
1628,5,1
1629,6,4
1630,5,1
1631,1,1
1632,2,2
1633,5,1
1634,5,1
1635,5,1
1636,5,1
1637,2,2
1638,5,1
1639,2,2
1640,5,1
1641,2,2
1642,4,2
1643,2,2
1644,2,2
1645,1,1
1646,5,1
1647,5,1
1648,6,4
1649,5,1
1650,5,1
1651,2,2
1652,2,2
1653,2,2
1654,1,1
1655,5,1
1656,4,2
1657,1,1
1658,5,1
1659,2,2
1660,1,1
1661,5,1
1662,2,2
1663,2,2
1664,5,1
1665,2,2
1666,4,2
1667,5,1
1668,2,2
1669,2,2
1670,2,2
1671,1,1
1672,5,1
1673,1,1
1674,2,2
1675,2,2
1676,6,2
1677,1,1
1678,2,2
1679,1,1
1680,5,1
1681,5,1
1682,5,1
1683,2,2
1685,2,2
1686,5,1
1687,6,2
1688,2,2
1689,2,2
1690,5,1
1691,5,1
1692,1,1
1693,6,1
1694,1,1
1695,1,1
1696,1,1
1697,2,2
1698,6,2
1699,5,1
1700,2,2
1701,2,2
1702,2,2
1703,5,1
1704,5,1
1705,6,2
1706,5,1
1707,2,2
1708,6,2
1709,5,1
1710,2,2
1711,2,1
1712,2,2
1713,5,1
1714,2,2
1715,5,1
1716,5,1
1717,2,2
1718,3,3
1719,6,2
1720,5,1
1721,2,2
1722,2,2
1723,2,2
1724,2,2
1725,5,1
1726,4,2
1727,5,1
1728,5,1
1729,5,1
1730,2,2
1731,1,1
1732,5,1
1733,6,4
1734,2,2
1735,2,2
1736,2,2
1737,2,2
1738,5,1
1739,5,1
1740,1,1
1741,2,2
1742,5,1
1743,1,1
1744,1,1
1745,5,1
1746,2,2
1747,6,4
1748,5,1
1749,5,1
1750,2,2
1751,5,1
1752,2,2
1753,2,2
1754,2,2
1755,5,1
1756,5,1
1757,2,2
1758,4,2
1759,5,1
1760,6,1
1761,2,2
1762,1,1
1763,1,1
1764,5,1
1765,2,2
1766,1,1
1767,1,1
1768,2,2
1769,2,2
1770,5,1
1771,2,2
1772,2,2
1773,1,1
1774,2,2
1775,2,2
1776,1,1
1777,1,1
1778,1,1
1779,2,2
1780,2,2
1781,5,1
1782,2,2
1783,5,1
1784,6,4
1785,5,1
1786,5,1
1787,6,4
1788,6,1
1789,2,2
1790,5,1
1791,2,2
1792,2,2
1793,2,2
1794,5,1
1795,2,2
1796,2,2
1797,2,2
1798,6,4
1799,2,2
1800,2,2
1801,1,1
1802,6,4
1803,6,2
1804,2,2
1805,2,2
1806,6,2
1807,5,1
1808,1,1
1809,2,2
1810,2,2
1811,2,2
1812,5,1
1813,2,2
1814,1,1
1815,5,1
1816,2,2
1817,2,2
1818,5,1
1819,2,2
1820,5,1
1821,2,2
1822,2,2
1823,2,2
1824,5,1
1825,6,2
1826,2,2
1827,2,2
1828,5,1
1829,1,1
1830,5,1
1831,1,1
1832,2,2
1833,2,2
1834,2,1
1835,2,2
1836,2,2
1837,6,4
1838,2,2
1839,2,2
1840,5,1
1841,5,1
1842,2,2
1843,2,2
1844,1,1
1845,2,2
1846,2,2
1847,5,1
1848,5,1
1849,2,2
1850,5,1
1851,2,2
1852,2,2
1853,1,1
1854,2,1
1855,5,1
1856,2,2
1857,5,1
1858,2,2
1859,5,1
1860,2,2
1861,2,2
1862,5,1
1863,2,2
1864,2,2
1865,2,2
1866,6,2
1867,2,2
1868,2,2
1869,5,1
1870,1,1
1871,5,1
1872,5,1
1873,5,1
1874,2,2
1875,5,1
1876,5,1
1877,2,2
1878,1,1
1879,2,2
1880,6,4
1881,1,1
1882,1,1
1883,2,2
1884,5,1
1885,5,1
1886,2,2
1887,5,1
1888,2,2
1889,6,1
1890,2,1
1891,2,2
1892,6,4
1893,5,1
1894,5,1
1895,6,4
1896,6,1
1897,5,1
1898,2,2
1899,5,1
1900,2,2
1901,1,1
1902,2,2
1903,5,1
1904,5,1
1905,2,2
1906,5,1
1907,5,1
1908,6,2
1909,2,2
1910,1,1
1911,2,2
1926,3,3
1932,3,3
1939,3,3
1945,3,3
1951,8,3
1955,3,3
1972,8,3
1973,8,3
1976,8,3
1991,8,3
1995,8,3
1998,8,3
2001,8,3
2004,8,3
2007,3,3
2009,8,3
2018,8,3
2024,8,3
2027,8,3
2032,3,3
2038,3,3
2039,3,3
2042,3,3
2054,3,3
2068,3,3
2071,3,3
2072,3,3
2081,3,3
2102,3,3
2111,3,3
2116,8,3
2117,3,3
2127,3,3
2128,3,3
2133,3,3
2135,3,3
2138,3,3
2143,3,3
2153,3,3
2157,8,3
2171,8,3
2174,3,3
2180,3,3
2183,3,3
2187,3,3
2189,3,3
2199,3,3
2203,3,3
2223,3,3
2224,3,3
2225,8,3
2247,3,3
2250,3,3
2254,3,3
2264,3,3
2267,3,3
2268,3,3
2279,3,3
2283,3,3
2284,8,3
2289,3,3
2292,3,3
2302,3,3
2319,3,3
2327,3,3
2336,3,3
2337,8,3
2364,8,3
2378,8,3
2384,3,3
2398,3,3
2417,3,3
2436,3,3
2445,3,3
2447,8,3
2451,3,3
2458,3,3
2459,8,3
2461,3,3
2463,3,3
2471,3,3
2472,3,3
2475,3,3
2491,3,3
2494,8,3
2498,3,3
2502,3,3
2508,3,3
2510,3,3
2511,3,3
2529,3,3
2533,3,3
2538,8,3
2543,9,3
2547,3,3
2571,3,3
2583,8,3
2589,3,3
2598,3,3
2617,3,3
2629,3,3
2635,3,3
2636,8,3
2640,8,3
2643,3,3
2647,8,3
2649,3,3
2653,3,3
2660,8,3
2704,0,0
2740,0,0
427,1,0
464,1,0
549,1,0
351,1,0
364,1,0
393,1,0
399,1,0
441,1,0
476,1,0
501,1,0
564,1,0
349,1,1
350,1,1
352,1,1
354,1,1
355,1,1
356,1,1
357,1,1
358,1,1
359,1,1
360,1,1
361,1,1
362,1,1
365,1,1
367,1,1
368,1,1
369,1,1
370,1,1
371,1,1
372,1,1
373,1,1
374,1,1
375,1,1
377,1,1
378,1,1
379,1,1
380,1,1
381,1,1
382,1,1
383,1,1
384,1,1
385,1,1
386,1,1
387,1,1
388,1,1
390,1,1
391,1,1
392,1,1
394,1,1
395,1,1
396,1,1
397,1,1
398,1,1
400,1,1
401,1,1
402,1,1
403,1,1
404,1,1
405,1,1
406,1,1
407,1,1
408,1,1
409,1,1
410,1,1
411,1,1
412,1,1
413,1,1
415,1,1
416,1,1
417,1,1
418,1,1
419,1,1
421,1,1
422,1,1
423,1,1
424,1,1
425,1,1
426,1,1
429,1,1
430,1,1
431,1,1
432,1,1
433,1,1
434,1,1
435,1,1
436,1,1
437,1,1
438,1,1
439,1,1
440,1,1
442,1,1
443,1,1
444,1,1
445,1,1
446,1,1
447,1,1
448,1,1
449,1,1
450,1,1
451,1,1
452,1,1
453,1,1
454,1,0
455,1,1
456,1,1
457,1,1
458,1,1
459,1,1
460,1,1
461,1,1
462,1,1
463,1,1
465,1,1
466,1,1
467,1,1
468,1,1
469,1,1
470,1,1
471,1,1
472,1,1
473,1,1
474,1,1
477,1,1
478,1,1
479,1,1
480,1,1
481,1,1
482,1,1
485,1,1
486,1,1
487,1,1
488,1,1
489,1,1
490,1,1
491,1,1
492,1,1
493,1,1
494,1,1
495,1,1
496,1,1
497,1,1
498,1,1
499,1,1
500,1,1
502,1,1
503,1,1
504,1,1
505,1,1
506,1,1
507,1,1
508,1,1
509,1,1
510,1,1
511,1,1
512,1,1
513,1,1
514,1,1
515,1,1
516,1,1
518,1,1
519,1,1
520,1,1
521,1,1
522,1,1
523,1,1
524,1,1
525,1,1
527,1,1
528,1,1
529,1,1
530,1,1
531,1,1
532,1,1
533,1,1
534,1,1
535,1,1
536,1,1
537,1,1
539,1,1
540,1,1
541,1,1
542,1,1
543,1,1
544,1,1
545,1,1
546,1,1
547,1,1
548,1,1
550,1,1
551,1,1
552,1,1
553,1,1
554,1,1
555,1,1
556,1,1
557,1,1
558,1,1
559,1,1
560,1,1
561,1,1
562,1,1
565,1,1
567,1,1
568,1,1
569,1,1
570,1,1
571,1,1
572,1,1
591,1,1
656,1,1
669,1,1
604,1,1
645,1,1
646,1,1
666,1,1
683,1,1
587,1,1
590,1,1
614,1,1
634,1,1
680,1,1
586,1,1
610,1,1
652,1,1
673,1,1
676,1,1
620,1,1
574,1,1
630,1,1
678,1,1
593,1,1
609,1,1
573,1,1
575,1,1
576,10,1
577,10,1
578,10,1
579,1,1
581,1,1
582,10,1
583,10,1
584,1,1
585,1,1
588,1,1
589,1,1
592,1,1
594,1,1
595,10,1
597,1,1
598,1,1
599,10,1
600,10,1
602,1,1
603,1,1
605,1,1
607,1,1
608,1,1
611,1,1
612,1,1
613,1,1
615,10,1
616,1,1
617,1,1
618,1,1
619,1,1
621,1,1
622,1,1
623,1,1
624,1,1
625,1,1
626,1,1
627,10,1
628,10,1
631,1,1
632,10,1
633,1,1
635,10,1
636,1,1
638,1,1
639,1,1
640,10,1
642,1,1
643,10,1
644,1,1
647,10,1
648,1,1
650,10,1
653,1,1
654,1,1
655,1,1
657,1,1
658,10,1
659,10,1
660,1,1
661,10,1
662,10,1
663,1,1
664,1,1
665,10,1
667,1,1
668,1,1
670,10,1
671,1,1
672,1,1
674,1,1
675,10,1
677,1,1
679,1,1
681,10,1
682,1,1
684,1,1
685,1,1
1967,1,1
3437,7,5
3454,7,5
3487,7,5
3723,7,5
3861,7,5
3961,7,5
3980,11,6
3989,11,6
4011,11,6
4031,11,6
686,12,7
687,12,7
688,12,7
689,12,7
690,12,7
691,12,7
692,12,7
693,12,7
694,12,7
695,12,7
696,12,7
697,12,7
698,12,7
699,12,7
700,12,7
701,12,7
702,12,7
703,12,7
704,12,7
705,12,7
706,12,7
707,12,7
708,12,7
709,12,7
710,12,7
711,12,7
712,12,7
713,12,7
714,12,7
715,12,7
716,12,7
717,12,7
718,12,7
719,12,7
720,12,7
721,12,7
722,12,7
723,12,7
724,12,7
725,12,7
726,12,7
727,12,7
728,12,7
729,12,7
730,12,7
731,12,7
732,12,7
733,12,7
734,12,7
735,12,7
736,12,7
737,12,7
738,12,7
739,12,7
740,12,7
741,12,7
742,12,7
743,12,7
744,12,7
745,12,7
746,12,7
747,12,7
748,12,7
749,12,7
750,12,7
751,12,7
752,12,7
753,12,7
754,12,7
755,12,7
756,12,7
757,12,7
758,12,7
759,12,7
760,12,7
761,12,7
762,12,7
763,12,7
764,12,7
765,12,7
766,12,7
767,12,7
768,12,7
769,12,7
770,12,7
771,12,7
772,12,7
773,12,7
774,12,7
775,12,7
776,12,7
777,12,7
778,12,7
779,12,7
780,12,7
781,12,7
782,12,7
783,12,7
784,12,7
785,12,7
786,12,7
787,12,7
788,12,7
789,12,7
790,12,7
791,12,7
792,12,7
793,12,7
794,12,7
795,12,7
796,12,7
797,12,7
798,12,7
799,12,7
800,12,7
801,12,7
802,12,7
803,12,7
804,12,7
805,12,7
806,12,7
807,12,7
808,12,7
809,12,7
810,12,7
811,12,7
812,12,7
813,12,7
814,12,7
815,12,7
816,12,7
817,12,7
818,12,7
819,12,7
820,12,7
821,12,7
822,12,7
823,12,7
824,12,7
825,12,7
826,12,7
827,12,7
828,12,7
829,12,7
830,12,7
831,12,7
832,12,7
833,12,7
834,12,7
835,12,7
836,12,7
837,12,7
838,12,7
839,12,7
840,12,7
841,12,7
842,12,7
843,12,7
844,12,7
845,12,7
846,12,7
847,12,7
848,12,7
849,12,7
850,12,7
851,12,7
852,12,7
853,12,7
854,12,7
855,12,7
856,12,7
890,12,7
857,7,5
858,12,7
859,12,7
860,12,7
861,12,7
862,7,5
863,12,7
864,12,7
865,7,5
866,12,7
867,12,7
868,7,5
869,12,7
870,12,7
871,12,7
872,12,7
873,12,7
874,12,7
875,12,7
876,12,7
877,12,7
878,12,7
879,12,7
880,12,7
881,12,7
882,12,7
883,12,7
884,12,7
885,12,7
886,12,7
887,12,7
888,12,7
889,12,7
891,12,7
892,12,7
893,12,7
894,12,7
895,12,7
3456,7,5
3495,7,5
3586,7,5
3621,7,5
3626,7,5
3797,7,5
3501,7,5
3517,7,5
3550,7,5
3577,7,5
3592,7,5
3609,7,5
3633,7,5
3677,7,5
3684,7,5
3721,7,5
3779,7,5
3872,7,5
3948,7,5
2678,4,2
2760,4,2
2822,4,2
2883,4,2
2941,4,2
2968,4,2
3005,4,2
3057,4,2
3136,4,2
3164,4,2
3222,4,2
3245,4,2
3248,4,2
3263,4,2
3278,4,2
3328,4,2
3361,4,2
3440,7,5
3525,7,5
3540,7,5
3556,7,5
3561,7,5
3651,7,5
3674,7,5
3692,7,5
3741,7,5
3750,7,5
3756,7,5
3830,7,5
3851,7,5
3877,7,5
3886,7,5
3943,7,5
3962,7,5
2677,4,2
2826,4,2
2724,4,2
2752,4,2
2775,4,2
2869,4,2
2892,4,2
2962,4,2
3001,4,2
3019,4,2
3100,4,2
3162,4,2
3168,4,2
3233,4,2
3295,4,2
3304,13,2
3331,4,2
3366,4,2
3404,4,2
3406,4,2
3412,4,2
2813,4,2
2971,4,2
3034,4,2
3178,4,2
3410,4,2
3420,4,2
2976,4,2
3011,4,2
3179,4,2
3289,4,2
1920,3,3
1941,3,3
1948,3,3
1959,3,3
2028,3,3
2047,3,3
2053,3,3
2065,3,3
2087,3,3
2125,3,3
2132,3,3
2134,3,3
2148,3,3
2149,3,3
2169,3,3
2191,3,3
2194,3,3
2196,3,3
2198,3,3
2239,3,3
2266,9,8
2282,3,3
2285,3,3
2293,3,3
2315,3,3
2328,3,3
2332,3,3
2333,3,3
2338,3,3
2347,9,3
2351,3,3
2368,3,3
2372,3,3
2385,3,3
2399,3,3
2420,3,3
2496,3,3
2501,3,3
2509,3,3
2512,3,3
2516,3,3
2530,3,3
2542,9,8
2555,3,3
2567,3,3
2592,3,3
2597,3,3
2608,3,3
2642,3,3
2725,4,2
2734,4,2
2764,4,2
2964,4,2
3020,4,2
3062,4,2
3079,4,2
3165,4,2
3205,4,2
3258,4,2
3386,4,2
3409,4,2
2693,4,2
2979,4,2
3101,4,2
3265,4,2
3385,4,2
1913,3,3
1916,3,3
1940,3,3
1947,3,3
1954,3,3
1994,3,3
2002,3,3
2010,3,3
2026,3,3
2052,3,3
2062,3,3
2101,3,3
2137,3,3
2144,3,3
2151,3,3
2163,3,3
2176,3,3
2215,3,3
2241,3,3
2246,3,3
2273,3,3
2294,3,3
2295,3,3
2298,3,3
2343,3,3
2344,3,3
2355,3,3
2377,3,3
2389,3,3
2394,3,3
2413,3,3
2419,3,3
2465,3,3
2468,9,3
2519,3,3
2544,3,3
2582,3,3
2588,3,3
2594,3,3
2605,3,3
2609,3,3
2616,3,3
2903,4,2
2938,4,2
2999,4,2
3201,4,2
3319,4,2
3355,4,2
3097,4,2
2707,4,2
3111,4,2
3186,4,2
2661,4,2
2662,4,2
2663,13,9
2664,13,9
2665,4,2
2666,13,9
2667,4,2
2668,4,2
2669,13,9
2670,14,9
2671,4,2
2672,4,2
2673,13,9
2674,4,2
2675,4,2
2676,13,9
2679,13,9
2680,13,9
2681,13,9
2682,4,2
2683,13,9
2684,4,2
2685,4,2
2686,4,2
2687,4,2
2688,4,2
2689,13,9
2690,4,2
2691,4,2
2692,4,2
2694,13,9
2695,13,9
2696,4,2
2697,4,2
2698,13,9
2699,14,9
2700,4,2
2701,4,2
2702,4,2
2703,14,9
2705,13,9
2706,13,9
2708,4,2
2709,4,2
2710,13,9
2711,4,2
2712,4,2
2713,4,2
2714,4,2
2715,4,2
2716,4,2
2717,13,9
2718,4,2
2719,4,2
2720,4,2
2721,4,2
2722,4,2
2723,4,2
2726,13,9
2727,4,2
2728,4,2
2729,13,9
2730,4,2
2731,13,9
2732,4,2
2733,4,2
2735,4,2
2736,4,2
2737,4,2
2738,13,9
2739,4,2
2741,13,9
2742,4,2
2743,13,9
2744,4,2
2745,13,9
2746,13,9
2747,4,2
2748,4,2
2749,13,9
2750,13,9
2751,4,2
2753,4,2
2754,13,9
2755,13,9
2756,13,9
2757,13,9
2758,4,2
2759,13,2
2761,13,9
2762,4,2
2763,13,9
2765,4,2
2766,13,9
2767,14,9
2768,4,2
2769,13,9
2770,4,2
2771,4,2
2772,4,2
2773,13,9
2774,4,2
2776,4,2
2777,13,9
2778,4,2
2779,4,2
2780,4,2
2781,4,2
2782,13,9
2783,4,2
2784,4,2
2785,4,2
2786,13,9
2787,4,2
2788,4,2
2789,13,9
2790,4,2
2791,4,2
2792,4,2
2793,4,2
2794,13,9
2795,4,2
2796,4,2
2797,4,2
2798,13,9
2799,4,2
2800,13,9
2801,4,2
2802,4,2
2803,4,2
2804,4,2
2805,4,2
2806,13,9
2807,13,9
2808,4,2
2809,13,9
2810,13,9
2811,4,2
2812,4,2
2815,13,9
2816,4,2
2817,4,2
2818,4,2
2819,4,2
2820,4,2
2821,13,9
2823,4,2
2824,4,2
2825,4,2
2827,13,9
2828,4,2
2829,4,2
2830,4,2
2831,4,2
2832,4,2
2833,4,2
2834,14,9
2835,13,9
2836,4,2
2837,13,9
2839,13,9
2840,4,2
2841,4,2
2842,4,2
2843,4,2
2844,4,2
2845,4,2
2846,4,2
2847,4,2
2848,4,2
2849,4,2
2850,13,9
2851,13,9
2852,13,9
2853,4,2
2854,13,9
2855,4,2
2856,4,2
2857,4,2
2858,4,2
2859,4,2
2860,4,2
2861,4,2
2862,13,9
2863,4,2
2864,13,9
2865,4,2
2866,13,9
2867,13,9
2868,4,2
2870,4,2
2871,4,2
2872,13,9
2873,13,9
2874,13,9
2875,4,2
2876,4,2
2877,13,9
2878,4,2
2879,14,9
2880,13,9
2881,4,2
2882,4,2
2884,13,9
2886,4,2
2887,13,9
2888,13,9
2889,14,2
2890,13,9
2891,13,9
2893,4,2
2894,4,2
2895,4,2
2896,13,9
2897,13,9
2898,4,2
2899,13,9
2900,4,2
2901,4,2
2902,4,2
2904,4,2
2905,13,9
2906,13,9
2907,13,9
2908,13,9
2909,13,9
2910,13,9
2911,13,9
2912,13,9
2913,13,9
2914,4,2
2915,13,9
2916,13,9
2917,13,9
2918,4,2
2919,13,9
2920,13,9
2921,4,2
2922,4,2
2923,4,2
2924,13,9
2925,13,9
2926,4,2
2927,13,9
2928,13,9
2929,13,9
2930,4,2
2931,13,9
2932,4,2
2933,4,2
2934,4,2
2935,4,2
2936,4,2
2937,4,2
2939,4,2
2940,13,9
2942,4,2
2943,13,9
2944,13,9
2945,13,9
2946,13,2
2947,4,2
2948,13,9
2949,4,2
2950,4,2
2951,4,2
2952,13,2
2953,13,9
2954,4,2
2955,4,2
2956,13,9
2957,4,2
2958,4,2
2959,14,9
2960,13,9
2961,13,2
2963,13,9
2965,4,2
2966,13,9
2967,13,9
2969,13,9
2970,4,2
2972,14,9
2973,4,2
2974,13,9
2975,4,2
2977,13,9
2978,13,9
2980,4,2
2981,13,9
2982,14,9
2983,4,2
2984,4,2
2985,13,9
2986,13,9
2987,13,9
2988,13,9
2989,4,2
2990,4,2
2991,4,2
2992,4,2
2993,13,9
2994,13,9
2995,4,2
2996,4,2
2997,4,2
2998,4,2
3000,13,9
3002,4,2
3004,13,9
3006,4,2
3007,4,2
3008,14,9
3009,4,2
3010,13,9
3012,4,2
3013,4,2
3014,13,9
3015,4,2
3016,4,2
3017,4,2
3018,4,2
3021,4,2
3022,13,9
3023,13,9
3024,4,2
3025,13,9
3026,13,9
3027,4,2
3028,4,2
3029,13,9
3030,13,9
3031,4,2
3032,4,2
3033,13,9
3035,4,2
3036,13,9
3037,4,2
3038,4,2
3039,4,2
3040,13,9
3041,4,2
3042,13,9
3043,4,2
3044,13,9
3045,13,9
3046,4,2
3047,13,9
3048,4,2
3049,4,2
3050,4,2
3051,4,2
3052,13,9
3053,4,2
3054,13,9
3055,4,2
3056,13,9
3058,4,2
3059,13,9
3060,4,2
3061,4,2
3063,4,2
3064,13,9
3065,13,9
3066,4,2
3067,4,2
3068,4,2
3069,4,2
3070,4,2
3071,4,2
3072,4,2
3073,13,9
3074,4,2
3075,4,2
3076,4,2
3077,4,2
3078,13,9
3080,13,9
3081,4,2
3082,4,2
3083,4,2
3084,13,9
3085,13,9
3086,4,2
3087,4,2
3088,4,2
3089,4,2
3090,13,9
3091,4,2
3092,13,9
3093,4,2
3094,4,2
3095,13,9
3096,13,9
3098,13,9
3099,4,2
3102,4,2
3103,4,2
3104,13,9
3105,4,2
3106,4,2
3107,4,2
3108,13,9
3109,4,2
3110,4,2
3112,4,2
3113,4,2
3114,13,9
3115,4,2
3116,4,2
3117,13,2
3118,4,2
3119,13,9
3120,4,2
3121,4,2
3122,4,2
3123,13,9
3124,4,2
3125,4,2
3126,4,2
3127,4,2
3128,4,2
3129,13,9
3130,13,9
3131,4,2
3132,4,2
3133,4,2
3134,4,2
3135,13,9
3137,13,9
3138,4,2
3139,13,9
3140,4,2
3141,4,2
3142,13,9
3143,13,9
3144,4,2
3145,4,2
3146,4,2
3147,4,2
3148,4,2
3149,13,9
3150,4,2
3151,4,2
3152,4,2
3153,13,9
3154,4,2
3155,4,2
3156,4,2
3157,4,2
3158,13,9
3159,4,2
3160,4,2
3161,4,2
3163,13,9
3166,13,9
3167,4,2
3169,4,2
3170,4,2
3171,4,2
3172,4,2
3174,13,9
3175,4,2
3176,4,2
3177,4,2
3180,4,2
3181,4,2
3182,4,2
3183,4,2
3184,13,9
3185,4,2
3187,4,2
3188,4,2
3189,4,2
3190,4,2
3191,4,2
3192,4,2
3193,13,9
3194,4,2
3195,13,9
3196,4,2
3197,4,2
3198,4,2
3199,4,2
3200,4,2
3202,13,9
3203,4,2
3204,4,2
3206,4,2
3207,4,2
3208,4,2
3209,4,2
3210,4,2
3211,4,2
3212,4,2
3213,13,9
3214,4,2
3215,4,2
3216,4,2
3217,4,2
3218,4,2
3219,4,2
3220,13,9
3221,4,2
3223,4,2
3224,4,2
3225,4,2
3226,13,9
3227,13,2
3228,13,9
3229,13,9
3230,4,2
3231,13,9
3232,13,9
3234,13,9
3235,4,2
3236,4,2
3237,13,9
3238,13,9
3239,4,2
3240,4,2
3241,4,2
3242,4,2
3243,13,9
3244,4,2
3246,4,2
3247,4,2
3249,4,2
3250,13,9
3251,4,2
3252,4,2
3253,4,2
3254,4,2
3255,4,2
3256,4,2
3257,13,9
3259,4,2
3260,4,2
3261,4,2
3262,4,2
3264,4,2
3266,4,2
3267,4,2
3268,4,2
3269,13,9
3270,4,2
3271,4,2
3272,4,2
3273,4,2
3274,4,2
3275,4,2
3276,4,2
3277,4,2
3279,4,2
3280,4,2
3281,4,2
3282,4,2
3283,14,9
3284,13,9
3285,4,2
3286,13,9
3287,4,2
3288,4,2
3291,4,2
3292,4,2
3293,13,9
3294,13,9
3296,4,2
3297,4,2
3298,4,2
3299,4,2
3300,13,9
3301,13,9
3302,4,2
3303,13,9
3305,4,2
3306,4,2
3307,4,2
3308,4,2
3309,14,9
3310,4,2
3311,14,9
3312,4,2
3313,4,2
3314,14,9
3315,13,9
3316,4,2
3317,13,9
3318,14,9
3320,4,2
3321,4,2
3322,4,2
3323,4,2
3324,13,9
3325,14,9
3326,4,2
3327,4,2
3329,4,2
3330,4,2
3332,4,2
3333,13,9
3334,4,2
3335,4,2
3336,4,2
3337,4,2
3338,4,2
3339,13,9
3340,4,2
3341,4,2
3342,4,2
3343,4,2
3344,4,2
3345,4,2
3346,4,2
3347,4,2
3348,13,9
3349,4,2
3350,4,2
3351,4,2
3352,4,2
3353,4,2
3354,4,2
3356,4,2
3357,4,2
3358,4,2
3359,4,2
3360,4,2
3362,13,9
3363,13,9
3364,13,9
3365,4,2
3367,4,2
3368,4,2
3369,4,2
3370,4,2
3371,4,2
3372,4,2
3373,4,2
3374,4,2
3375,4,2
3376,4,2
3377,4,2
3378,4,2
3379,4,2
3380,4,2
3381,4,2
3382,14,9
3383,4,2
3384,13,9
3387,13,9
3388,13,9
3389,4,2
3390,13,9
3391,4,2
3392,13,9
3393,4,2
3394,13,9
3395,4,2
3396,4,2
3397,4,2
3398,4,2
3399,13,9
3400,13,9
3401,4,2
3402,4,2
3403,4,2
3405,4,2
3407,4,2
3408,4,2
3411,4,2
3413,13,9
3414,13,9
3415,4,2
3416,4,2
3417,13,9
3418,4,2
3419,4,2
3421,4,2
3422,4,2
3423,14,9
3424,4,2
3425,4,2
3426,13,9
3427,4,2
3428,13,9
3429,4,2
3430,13,9
3431,4,2
3432,4,2
3433,13,9
3434,4,2
3435,13,9
3436,13,9
2003,3,3
2031,3,3
2155,3,3
2185,3,3
2325,3,3
2330,3,3
1914,8,3
1915,3,3
1917,9,8
1918,9,8
1919,8,3
1921,8,3
1922,3,3
1923,3,3
1924,15,3
1925,9,8
1927,8,3
1928,8,3
1929,9,8
1930,3,3
1931,8,3
1933,3,3
1934,3,3
1935,8,3
1936,3,3
1937,3,3
1938,9,8
1942,9,3
1943,9,8
1944,3,3
1946,9,8
1949,3,3
1950,8,3
1952,3,3
1953,9,8
1956,3,3
1957,8,3
1958,8,3
1960,3,3
1961,3,3
1962,9,8
1963,9,8
1964,3,3
1965,3,3
1966,9,8
1968,8,3
1969,3,3
1970,3,3
1971,9,8
1974,3,3
1975,3,3
1977,3,3
1978,3,3
1979,9,8
1980,8,3
1981,3,3
1982,3,3
1983,9,8
1984,9,8
1985,9,3
1986,9,8
1987,3,3
1988,15,3
1989,9,8
1990,3,3
1992,15,3
1993,9,8
1996,3,3
1997,9,8
1999,8,3
2000,8,3
2005,9,8
2006,8,3
2008,3,3
2011,8,3
2012,8,3
2013,8,3
2014,8,3
2015,3,3
2016,8,3
2017,3,3
2019,9,3
2020,9,8
2021,9,8
2022,8,3
2023,3,3
2025,8,3
2029,3,3
2030,9,8
2033,9,8
2034,3,3
2035,3,3
2036,3,3
2037,9,8
2040,9,8
2041,3,3
2043,9,8
2044,9,3
2045,9,8
2046,9,8
2048,3,3
2049,3,3
2050,8,3
2051,3,3
2055,9,8
2056,9,8
2057,3,3
2058,9,3
2059,9,8
2060,9,8
2061,8,3
2063,9,8
2064,9,8
2066,3,3
2067,9,3
2069,9,8
2070,3,3
2073,9,8
2074,9,8
2075,3,3
2076,15,3
2077,9,8
2078,9,8
2079,3,3
2080,3,3
2082,3,3
2083,9,8
2084,9,8
2085,3,3
2086,9,8
2088,9,8
2089,3,3
2090,9,8
2091,3,3
2092,9,3
2093,9,8
2094,3,3
2095,9,8
2096,3,3
2097,8,3
2098,9,8
2099,3,3
2100,3,3
2103,9,8
2104,9,8
2105,3,3
2106,3,3
2107,3,3
2108,9,8
2109,9,8
2110,3,3
2112,9,8
2113,3,3
2114,3,3
2115,9,8
2118,9,8
2119,3,3
2120,3,3
2121,9,8
2122,9,8
2123,9,8
2124,9,8
2126,3,3
2129,3,3
2130,3,3
2131,9,8
2136,9,8
2139,9,8
2140,9,8
2141,3,3
2142,9,8
2145,3,3
2146,3,3
2147,9,3
2150,9,8
2152,3,3
2154,9,8
2156,3,3
2158,3,3
2159,8,3
2160,3,3
2161,3,3
2162,3,3
2164,9,8
2165,9,8
2166,3,3
2167,3,3
2168,3,3
2170,15,3
2172,9,8
2173,3,3
2175,3,3
2177,3,3
2178,3,3
2179,9,8
2181,3,3
2182,3,3
2184,9,8
2186,3,3
2188,9,8
2190,9,8
2192,8,3
2193,3,3
2195,3,3
2197,3,3
2200,9,8
2201,9,8
2202,8,3
2204,3,3
2205,3,3
2206,9,8
2207,15,3
2208,3,3
2209,3,3
2210,9,8
2211,3,3
2212,9,8
2213,9,8
2214,3,3
2216,9,8
2217,3,3
2218,9,8
2219,3,3
2220,9,8
2221,3,3
2222,3,3
2226,3,3
2227,3,3
2228,3,3
2229,9,8
2230,3,3
2231,3,3
2232,3,3
2233,9,8
2234,9,3
2235,3,3
2236,3,3
2237,9,8
2238,3,3
2240,9,8
2242,3,3
2243,3,3
2244,9,8
2245,3,3
2248,3,3
2249,3,3
2251,3,3
2252,3,3
2253,9,8
2255,15,3
2256,3,3
2257,9,8
2258,9,8
2259,3,3
2260,3,3
2261,9,8
2262,9,3
2263,3,3
2265,3,3
2269,3,3
2270,3,3
2271,9,8
2272,3,3
2274,3,3
2275,9,8
2276,9,8
2277,3,3
2278,9,8
2280,3,3
2281,3,3
2286,3,3
2287,9,8
2288,9,3
2290,9,8
2291,3,3
2296,3,3
2297,8,3
2299,9,8
2300,9,3
2301,3,3
2303,9,3
2304,3,3
2305,3,3
2306,9,8
2307,9,8
2308,9,8
2309,9,8
2310,3,3
2311,9,8
2312,3,3
2313,3,3
2314,3,3
2316,3,3
2317,3,3
2318,3,3
2320,15,3
2321,3,3
2322,3,3
2323,9,8
2324,9,8
2326,9,8
2329,9,8
2331,9,8
2334,9,8
2335,3,3
2339,9,8
2340,9,8
2341,3,3
2342,3,3
2345,3,3
2346,8,3
2348,9,8
2349,15,3
2350,9,3
2352,9,8
2353,9,8
2354,9,8
2356,9,8
2357,3,3
2358,3,3
2359,9,8
2360,3,3
2361,3,3
2362,3,3
2363,9,8
2365,8,3
2366,3,3
2367,3,3
2369,9,8
2370,9,8
2371,3,3
2373,3,3
2374,9,8
2375,3,3
2376,9,8
2379,3,3
2380,3,3
2381,9,8
2382,3,3
2383,9,3
2386,9,8
2387,9,3
2388,3,3
2390,3,3
2391,9,3
2392,9,8
2393,9,3
2395,9,8
2396,3,3
2397,3,3
2400,3,3
2401,15,3
2402,3,3
2403,3,3
2404,9,8
2405,3,3
2406,3,3
2407,9,8
2408,9,8
2409,9,8
2410,9,8
2411,3,3
2412,3,3
2414,9,8
2415,3,3
2416,3,3
2418,9,8
2421,3,3
2422,3,3
2423,9,8
2424,3,3
2425,3,3
2426,15,3
2427,9,3
2428,9,8
2429,9,3
2430,9,8
2431,3,3
2432,3,3
2433,9,8
2434,3,3
2435,8,3
2437,3,3
2438,3,3
2439,3,3
2440,3,3
2441,3,3
2442,9,8
2443,9,3
2444,15,3
2446,9,8
2448,3,3
2449,9,3
2450,3,3
2452,3,3
2453,3,3
2454,9,3
2455,3,3
2456,3,3
2457,3,3
2460,9,8
2462,9,8
2464,9,8
2466,15,3
2467,9,8
2469,9,8
2470,3,3
2473,3,3
2474,3,3
2476,9,3
2477,9,8
2478,9,3
2479,3,3
2480,3,3
2481,3,3
2482,9,8
2483,3,3
2484,9,8
2485,9,8
2486,15,3
2487,3,3
2488,3,3
2489,9,8
2490,15,3
2492,9,8
2493,3,3
2495,9,8
2497,3,3
2499,9,8
2500,9,8
2503,3,3
2504,9,8
2505,3,3
2506,9,8
2507,9,8
2513,15,3
2514,3,3
2515,15,3
2517,3,3
2518,3,3
2520,9,8
2521,9,8
2522,3,3
2523,3,3
2524,9,3
2525,3,3
2526,9,8
2527,3,3
2528,3,3
2531,3,3
2532,9,8
2534,3,3
2535,3,3
2536,9,8
2537,3,3
2539,9,8
2540,3,3
2541,3,3
2545,9,3
2546,9,8
2548,3,3
2549,9,8
2550,9,8
2551,9,8
2552,9,8
2553,9,8
2554,9,8
2556,9,8
2557,3,3
2558,3,3
2559,9,8
2560,9,8
2561,9,8
2562,3,3
2563,9,8
2564,9,8
2565,3,3
2566,3,3
2568,3,3
2569,3,3
2570,3,3
2572,3,3
2573,9,8
2574,9,8
2575,9,8
2576,9,3
2577,3,3
2578,9,8
2579,9,8
2580,3,3
2581,3,3
2584,9,3
2585,8,3
2586,9,8
2587,3,3
2590,9,8
2591,9,8
2593,9,8
2595,3,3
2596,3,3
2599,3,3
2600,9,8
2601,9,8
2602,9,8
2603,3,3
2604,9,8
2606,9,8
2607,9,8
2610,3,3
2611,9,8
2612,3,3
2613,9,8
2614,3,3
2615,9,8
2618,3,3
2619,9,8
2620,8,3
2621,3,3
2622,15,3
2623,9,8
2624,9,8
2625,9,8
2626,8,3
2627,8,3
2628,3,3
2630,9,8
2631,9,8
2632,3,3
2633,8,3
2634,3,3
2637,3,3
2638,9,8
2639,8,3
2641,3,3
2644,3,3
2645,8,3
2646,9,8
2648,8,3
2650,15,3
2651,3,3
2652,3,3
2654,9,8
2655,9,8
2656,3,3
2657,8,3
2658,8,3
2659,8,3
3438,7,5
3439,7,5
3441,7,5
3442,7,5
3443,7,5
3444,7,5
3445,7,5
3446,7,5
3447,7,5
3448,7,5
3449,7,5
3450,7,5
3451,7,5
3452,7,5
3453,7,5
3455,7,5
3457,7,5
3458,7,5
3459,7,5
3460,7,5
3461,7,5
3462,7,5
3463,7,5
3464,7,5
3465,7,5
3466,7,5
3467,7,5
3468,7,5
3469,7,5
3470,7,5
3471,7,5
3472,7,5
3473,7,5
3474,7,5
3475,7,5
3476,7,5
3477,7,5
3478,7,5
3479,7,5
3480,7,5
3481,7,5
3482,7,5
3483,7,5
3484,7,5
3485,7,5
3486,7,5
3488,7,5
3489,7,5
3490,7,5
3491,7,5
3492,7,5
3493,7,5
3494,7,5
3496,7,5
3497,7,5
3498,7,5
3499,7,5
3500,7,5
3502,7,5
3503,7,5
3504,7,5
3505,7,5
3506,7,5
3507,7,5
3508,7,5
3509,7,5
3510,7,5
3511,7,5
3512,7,5
3513,7,5
3514,7,5
3515,7,5
3516,7,5
3518,7,5
3519,7,5
3520,7,5
3521,7,5
3522,7,5
3523,7,5
3524,7,5
3526,7,5
3527,7,5
3528,7,5
3529,7,5
3530,7,5
3531,7,5
3532,7,5
3533,7,5
3534,7,5
3535,7,5
3536,7,5
3537,7,5
3538,7,5
3539,7,5
3541,7,5
3542,7,5
3543,7,5
3544,7,5
3545,7,5
3546,7,5
3547,7,5
3548,7,5
3549,7,5
3551,7,5
3552,7,5
3553,7,5
3554,7,5
3555,7,5
3557,7,5
3558,7,5
3559,7,5
3560,7,5
3562,7,5
3563,7,5
3564,7,5
3565,7,5
3566,7,5
3567,7,5
3568,7,5
3569,7,5
3570,7,5
3571,7,5
3572,7,5
3573,7,5
3574,7,5
3575,7,5
3576,7,5
3578,7,5
3579,7,5
3580,7,5
3581,7,5
3582,7,5
3583,7,5
3584,7,5
3585,7,5
3587,7,5
3588,7,5
3589,7,5
3590,7,5
3591,7,5
3593,7,5
3594,7,5
3595,7,5
3596,7,5
3597,7,5
3598,7,5
3599,7,5
3600,7,5
3601,7,5
3602,7,5
3603,7,5
3604,7,5
3605,7,5
3606,7,5
3607,7,5
3608,7,5
3610,7,5
3611,7,5
3612,7,5
3613,7,5
3614,7,5
3615,7,5
3616,7,5
3617,7,5
3618,7,5
3619,7,5
3620,7,5
3622,7,5
3623,7,5
3624,7,5
3625,7,5
3627,7,5
3628,7,5
3629,7,5
3630,7,5
3631,7,5
3632,7,5
3634,7,5
3635,7,5
3636,7,5
3637,7,5
3638,7,5
3639,7,5
3640,7,5
3641,7,5
3642,7,5
3643,7,5
3644,7,5
3645,7,5
3646,7,5
3647,7,5
3648,7,5
3649,7,5
3650,7,5
3652,7,5
3653,7,5
3654,7,5
3655,7,5
3656,7,5
3657,7,5
3658,7,5
3659,7,5
3660,7,5
3661,7,5
3662,7,5
3663,7,5
3664,7,5
3665,7,5
3666,7,5
3667,7,5
3668,7,5
3669,7,5
3670,7,5
3671,7,5
3672,7,5
3673,7,5
3675,7,5
3676,7,5
3678,7,5
3679,7,5
3680,7,5
3681,7,5
3682,7,5
3683,7,5
3685,7,5
3686,7,5
3687,7,5
3688,7,5
3689,7,5
3690,7,5
3691,7,5
3693,7,5
3694,7,5
3695,7,5
3696,7,5
3697,7,5
3698,7,5
3699,7,5
3700,7,5
3701,7,5
3702,7,5
3703,7,5
3704,7,5
3705,7,5
3706,7,5
3707,7,5
3708,7,5
3709,7,5
3710,7,5
3711,7,5
3712,7,5
3713,7,5
3714,7,5
3715,7,5
3716,7,5
3717,7,5
3718,7,5
3719,7,5
3720,7,5
3722,7,5
3724,7,5
3725,7,5
3726,7,5
3727,7,5
3728,7,5
3729,7,5
3730,7,5
3731,7,5
3732,7,5
3733,7,5
3734,7,5
3735,7,5
3736,7,5
3737,7,5
3738,7,5
3739,7,5
3740,7,5
3742,7,5
3743,7,5
3744,7,5
3745,7,5
3746,7,5
3747,7,5
3748,7,5
3749,7,5
3751,7,5
3752,7,5
3753,7,5
3754,7,5
3755,7,5
3757,7,5
3758,7,5
3759,7,5
3760,7,5
3761,7,5
3762,7,5
3763,7,5
3764,7,5
3765,7,5
3766,7,5
3767,7,5
3768,7,5
3769,7,5
3770,7,5
3771,7,5
3772,7,5
3773,7,5
3774,7,5
3775,7,5
3776,7,5
3777,7,5
3778,7,5
3780,7,5
3781,7,5
3782,7,5
3783,7,5
3784,7,5
3785,7,5
3786,7,5
3787,7,5
3788,7,5
3789,7,5
3790,7,5
3791,7,5
3792,7,5
3793,7,5
3794,7,5
3795,7,5
3796,7,5
3798,7,5
3799,7,5
3800,7,5
3801,7,5
3802,7,5
3803,7,5
3804,7,5
3805,7,5
3806,7,5
3807,7,5
3808,7,5
3809,7,5
3810,7,5
3811,7,5
3812,7,5
3813,7,5
3814,7,5
3815,7,5
3816,7,5
3817,7,5
3818,7,5
3819,7,5
3820,7,5
3821,7,5
3822,7,5
3823,7,5
3824,7,5
3825,7,5
3826,7,5
3827,7,5
3828,7,5
3829,7,5
3831,7,5
3832,7,5
3833,7,5
3834,7,5
3835,7,5
3836,7,5
3837,7,5
3838,7,5
3839,7,5
3840,7,5
3841,7,5
3842,7,5
3843,7,5
3844,7,5
3845,7,5
3846,7,5
3847,7,5
3848,7,5
3849,7,5
3850,7,5
3852,7,5
3853,7,5
3854,7,5
3855,7,5
3856,7,5
3857,7,5
3858,7,5
3859,7,5
3860,7,5
3862,7,5
3863,7,5
3864,7,5
3865,7,5
3866,7,5
3867,7,5
3868,7,5
3869,7,5
3870,7,5
3871,7,5
3873,7,5
3874,7,5
3875,7,5
3876,7,5
3878,7,5
3879,7,5
3880,7,5
3881,7,5
3882,7,5
3883,7,5
3884,7,5
3885,7,5
3887,7,5
3888,7,5
3889,7,5
3890,7,5
3891,7,5
3892,7,5
3893,7,5
3894,7,5
3895,7,5
3896,7,5
3897,7,5
3898,7,5
3899,7,5
3900,7,5
3901,7,5
3902,7,5
3903,7,5
3904,7,5
3905,7,5
3906,7,5
3907,7,5
3908,7,5
3909,7,5
3910,7,5
3911,7,5
3912,7,5
3913,7,5
3914,7,5
3915,7,5
3916,7,5
3917,7,5
3918,7,5
3919,7,5
3920,7,5
3921,7,5
3922,7,5
3923,7,5
3924,7,5
3925,7,5
3926,7,5
3927,7,5
3928,7,5
3929,7,5
3930,7,5
3931,7,5
3932,7,5
3933,7,5
3934,7,5
3935,7,5
3936,7,5
3937,7,5
3938,7,5
3939,7,5
3940,7,5
3941,7,5
3942,7,5
3944,7,5
3945,7,5
3946,7,5
3947,7,5
3949,7,5
3950,7,5
3951,7,5
3952,7,5
3953,7,5
3954,7,5
3955,7,5
3956,7,5
3957,7,5
3958,7,5
3959,7,5
3960,7,5
3963,7,5
3964,7,5
3965,7,5
3966,7,5
3967,7,5
3968,7,5
3969,7,5
3970,7,5
3971,7,5
3972,7,5
3973,7,5
3974,7,5
3975,7,5
3976,7,5
3977,7,5
3978,7,5
3979,7,5
3981,11,6
3982,11,6
3983,11,6
3984,11,6
3985,11,6
3986,11,6
3987,11,6
3988,11,6
3990,11,6
3991,11,6
3992,11,6
3993,11,6
3994,11,6
3995,11,6
3996,11,6
3997,11,6
3998,11,6
3999,11,6
4000,11,6
4001,11,6
4002,11,6
4003,11,6
4004,11,6
4005,11,6
4006,11,6
4007,11,6
4008,11,6
4009,11,6
4010,11,6
4012,11,6
4013,11,6
4014,11,6
4015,11,6
4016,11,6
4017,11,6
4018,11,6
4019,11,6
4020,11,6
4021,11,6
4022,11,6
4023,11,6
4024,11,6
4025,11,6
4026,11,6
4027,11,6
4028,11,6
4029,11,6
4030,11,6
4032,11,6
4033,11,6
4034,11,6
4035,11,6
4036,11,6
4037,11,6
4038,11,6
